{
  "coins": 1218.793073205796,
  "click_power": 6.0,
  "buildings": {
    "cursor": 20,
    "grandma": 5,
    "farm": 3,
    "factory": 1
  },
  "last_ts": 1765616941.8004277
}